variable,unit,mean,sample size,standard dev.,standard error,95% CI,trend,trend p-value
OCNFRAC,fraction,0.666,27, 0.00238, 8.83e-05, 0.000173, 0.669 + -0.000223 t, 1.63e-05
SST,K,292.290,27, 0.201, 0.007, 0.015, 292.584 + -0.021 t, 0.000
TS,K,287.671,27, 0.284, 0.011, 0.021, 288.082 + -0.029 t, 0.000
SWCF,W/m2,-47.195,27, 0.465, 0.017, 0.034,-47.104 + -0.006 t, 0.591
LWCF,W/m2,24.594,27, 0.154, 0.006, 0.011, 24.472 +  0.009 t, 0.021
PRECT,m/s,3.52e-08,27, 3.47e-10, 1.28e-11, 2.52e-11, 3.56e-08 + -3.15e-11 t, 3.62e-05
TAUX,N/m2,-0.00623,27, 0.000861, 3.19e-05, 6.25e-05,-0.00701 +  5.62e-05 t, 0.00683
TAUY,N/m2,-0.00204,27, 0.000517, 1.92e-05, 3.75e-05,-0.00158 + -3.23e-05 t, 0.0102
TGCLDLWP,kg/m2,0.0511,27, 0.000841, 3.12e-05, 6.11e-05, 0.0516 + -3.38e-05 t, 0.112
